{
  "project_info": {
    "project_number": "515001277926",
    "firebase_url": "https://logindemo-7f4b9.firebaseio.com",
    "project_id": "logindemo-7f4b9",
    "storage_bucket": "logindemo-7f4b9.appspot.com"
  },
  "client": [
    {
      "client_info": {
        "mobilesdk_app_id": "1:515001277926:android:2024283ee6fd698c",
        "android_client_info": {
          "package_name": "mypackage.example.splittask"
        }
      },
      "oauth_client": [
        {
          "client_id": "515001277926-bn4omnj4mqf042r1di8ac98qmevldfc7.apps.googleusercontent.com",
          "client_type": 3
        }
      ],
      "api_key": [
        {
          "current_key": "AIzaSyAZvtTQGIAK3PCKelnnKITp4qswzfnRgLw"
        }
      ],
      "services": {
        "appinvite_service": {
          "other_platform_oauth_client": [
            {
              "client_id": "515001277926-bn4omnj4mqf042r1di8ac98qmevldfc7.apps.googleusercontent.com",
              "client_type": 3
            }
          ]
        }
      }
    }
  ],
  "configuration_version": "1"
}